1A-FE-34-9E-34-98,1AFE349E3498,18-FE-34-9E-34-98,18FE349E3498
1A-FE-34-9E-34-98,1AFE349E3498,18-FE-34-9E-34-98,18FE349E3498
1A-FE-34-9E-34-98,1AFE349E3498,18-FE-34-9E-34-98,18FE349E3498
1A-FE-34-9E-34-98,1AFE349E3498,18-FE-34-9E-34-98,18FE349E3498
1A-FE-34-9E-34-98,1AFE349E3498,18-FE-34-9E-34-98,18FE349E3498
1A-FE-34-9E-34-98,1AFE349E3498,18-FE-34-9E-34-98,18FE349E3498
1A-FE-34-A0-A0-66,1AFE34A0A066,18-FE-34-A0-A0-66,18FE34A0A066
1A-FE-34-A0-A0-66,1AFE34A0A066,18-FE-34-A0-A0-66,18FE34A0A066
1A-FE-34-A0-A0-7A,1AFE34A0A07A,18-FE-34-A0-A0-7A,18FE34A0A07A
1A-FE-34-A0-A0-7A,1AFE34A0A07A,18-FE-34-A0-A0-7A,18FE34A0A07A
1A-FE-34-A0-A0-7A,1AFE34A0A07A,18-FE-34-A0-A0-7A,18FE34A0A07A
1A-FE-34-A0-A0-7A,1AFE34A0A07A,18-FE-34-A0-A0-7A,18FE34A0A07A
1A-FE-34-A6-D6-7B,1AFE34A6D67B,18-FE-34-A6-D6-7B,18FE34A6D67B
1A-FE-34-A6-D6-7B,1AFE34A6D67B,18-FE-34-A6-D6-7B,18FE34A6D67B
1A-FE-34-FD-F0-EB,1AFE34FDF0EB,18-FE-34-FD-F0-EB,18FE34FDF0EB
1A-FE-34-FD-F0-EB,1AFE34FDF0EB,18-FE-34-FD-F0-EB,18FE34FDF0EB
1A-FE-34-FD-F0-EB,1AFE34FDF0EB,18-FE-34-FD-F0-EB,18FE34FDF0EB
1A-FE-34-FD-F0-EB,1AFE34FDF0EB,18-FE-34-FD-F0-EB,18FE34FDF0EB
1A-FE-34-FD-F0-EB,1AFE34FDF0EB,18-FE-34-FD-F0-EB,18FE34FDF0EB
1A-FE-34-FD-F0-EB,1AFE34FDF0EB,18-FE-34-FD-F0-EB,18FE34FDF0EB
1A-FE-34-FD-F0-EB,1AFE34FDF0EB,18-FE-34-FD-F0-EB,18FE34FDF0EB
1A-FE-34-FD-F0-EB,1AFE34FDF0EB,18-FE-34-FD-F0-EB,18FE34FDF0EB
1A-FE-34-FB-B2-56,1AFE34FBB256,18-FE-34-FB-B2-56,18FE34FBB256
1A-FE-34-FB-B1-B8,1AFE34FBB1B8,18-FE-34-FB-B1-B8,18FE34FBB1B8
1A-FE-34-FB-B1-B8,1AFE34FBB1B8,18-FE-34-FB-B1-B8,18FE34FBB1B8
1A-FE-34-FB-B1-B8,1AFE34FBB1B8,18-FE-34-FB-B1-B8,18FE34FBB1B8
1A-FE-34-FB-B1-B8,1AFE34FBB1B8,18-FE-34-FB-B1-B8,18FE34FBB1B8
1A-FE-34-80-C2-63,1AFE3480C263,18-FE-34-80-C2-63,18FE3480C263
1A-FE-34-80-C2-63,1AFE3480C263,18-FE-34-80-C2-63,18FE3480C263
1A-FE-34-80-C2-63,1AFE3480C263,18-FE-34-80-C2-63,18FE3480C263
1A-FE-34-13-0A-2C,1AFE34130A2C,18-FE-34-13-0A-2C,18FE34130A2C
1A-FE-34-D7-8B-92,1AFE34D78B92,18-FE-34-D7-8B-92,18FE34D78B92
1A-FE-34-D7-8B-92,1AFE34D78B92,18-FE-34-D7-8B-92,18FE34D78B92
1A-FE-34-10-3C-66,1AFE34103C66,18-FE-34-10-3C-66,18FE34103C66
1A-FE-34-10-3C-66,1AFE34103C66,18-FE-34-10-3C-66,18FE34103C66
1A-FE-34-10-3C-66,1AFE34103C66,18-FE-34-10-3C-66,18FE34103C66
1A-FE-34-10-3C-66,1AFE34103C66,18-FE-34-10-3C-66,18FE34103C66
1A-FE-34-10-3C-66,1AFE34103C66,18-FE-34-10-3C-66,18FE34103C66
1A-FE-34-10-3C-66,1AFE34103C66,18-FE-34-10-3C-66,18FE34103C66
1A-FE-34-82-98-61,1AFE34829861,18-FE-34-82-98-61,18FE34829861
1A-FE-34-82-9C-7B,1AFE34829C7B,18-FE-34-82-9C-7B,18FE34829C7B
1A-FE-34-82-9C-7B,1AFE34829C7B,18-FE-34-82-9C-7B,18FE34829C7B
